Dirección,Territorio (1 al 7),Coordenadas (click derecho en maps),Nombre,Categoría,Subcategoría?,Icono (JPG o PNG),Link (si aplica),Foto (Si aplica)**,Descripción
Por Haydn hasta antes de llegar Franz Schubert,1,"-33.48230504952548, -70.62466571743529",Iluminación ,Desarrollo Urbano,Ejecutado,00123 LUMINARIA.png,,,-Ejecutado 2024 Proy. “Iluminemos San Joaquín” (SPD)
Por Haydn a la altura de  Mozart,1,"-33.481471190079496, -70.62490072471466",Iluminación ,Desarrollo Urbano,Ejecutado,00123 LUMINARIA.png,,,-Ejecutado 2024 Proy. “Iluminemos San Joaquín” (SPD)
Pasaje el Canelo,1,"-33.47738584730071, -70.6361937071993",Iluminación ,Desarrollo Urbano,Ejecutado,00123 LUMINARIA.png,,,-Ejecutado 2024 Proy. “Iluminemos San Joaquín” (SPD)
Pasaje Las Melosas ,1,"-33.47819382178816, -70.63314469825545",Iluminación ,Desarrollo Urbano,Ejecutado,00123 LUMINARIA.png,,,-Ejecutado 2024 Proy. “Iluminemos San Joaquín” (SPD)
Pasaje Lo Valdes,1,"-33.4784450723705, -70.63355643288455",Iluminación ,Desarrollo Urbano,Ejecutado,00123 LUMINARIA.png,,,-Ejecutado 2024 Proy. “Iluminemos San Joaquín” (SPD)
Vicuña Mackenna (llegando a av. carlos valdovinos),1,"-33.48528787025722, -70.62036305021672",Iluminación ,Desarrollo Urbano,Ejecutado,00123 LUMINARIA.png,,,-EISTU Edificio Vicuña Mackenna 3557
Vicuña Mackenna (llegando a av. carlos valdovinos),1,"-33.485516655688684, -70.62031839439052",Iluminación ,Desarrollo Urbano,Ejecutado,00123 LUMINARIA.png,,,-EISTU Edificio Vicuña Mackenna 3557
Vicuña Mackenna (llegando a av. carlos valdovinos),1,"-33.48682018905987, -70.61937424263036",Iluminación ,Desarrollo Urbano,Ejecutado,00123 LUMINARIA.png,,,-EISTU Edificio Vicuña Mackenna 3557
Vicuña Mackenna (llegando a av. carlos valdovinos),1,"-33.48732563551007, -70.61885113150946",Iluminación ,Desarrollo Urbano,Ejecutado,00123 LUMINARIA.png,,,-EISTU Edificio Vicuña Mackenna 3557
Sierra Bella (Plaza Isabel Riquelme),1,"-33.48253738677336, -70.6318368345598",Atencion de Emergencía DRGD,Seguridad,Ejecutado,00127_INCENDIOS.png,,, Incendio de Rukos -Incendio fabrica de jabon
Sierra Bella (Plaza Isabel Riquelme),1,"-33.48293254818476, -70.63347058084727",Atencion de Emergencía DRGD,Seguridad,Ejecutado,00127_INCENDIOS.png,,,Incendio de Rukos -Incendio fabrica de jabon
Lira con Pintor Cicarelli,1,"-33.47611989667434, -70.63132128068649",Atencion de Emergencía DRGD,Seguridad,Ejecutado,Pendiente de Creación                                         OK,,,"-Accidente Electrico provocado por incendios, quema de auto, choque de camión con 2  postes de luz."
(Cercano a) Lira con Carlos Vildosola,1,"-33.47733649142543, -70.6310556712353",Atencion de Emergencía DRGD,Seguridad,Ejecutado,Pendiente de Creación                                         OK,,,"-Accidente Electrico provocado por incendios, quema de auto, choque de camión con 2  postes de luz."
(Cercano a) Carlos Fernandez Concha con Ignacio Valdivieso,1,"-33.473706809801044, -70.62846330646484",Atencion de Emergencía DRGD,Seguridad,Ejecutado,Pendiente de Creación                                         OK,,,"-Accidente Electrico provocado por incendios, quema de auto, choque de camión con 2  postes de luz."
Av. Carlos Valdovinos (Cercano a vicuña mackena),1,"-33.48723646215157, -70.61905351057214",Atencion de Emergencía DRGD,Seguridad,Ejecutado,Pendiente de Creación                                         OK,,,"-Accidente Electrico provocado por incendios, quema de auto, choque de camión con 2  postes de luz."
Sierra Bella (Plaza Isabel Riquelme),1,"-33.48288747974871, -70.63304304937623",Atencion de Emergencía DRGD,Seguridad,Ejecutado,Pendiente de Creación ,,,Desalojo en Zanjón y operativo de emergencia-Desalojo de personas violentas y con adicciones.
(Zanjon) Av. las industrias con ,1,"-33.48142493782473, -70.630444452892",Atencion de Emergencía DRGD,Seguridad,Ejecutado,Pendiente de Creación ,,,Desalojo en Zanjón y operativo de emergencia-Desalojo de personas violentas y con adicciones.
Isabel Riquelme con Gluck,1,"-33.48427528258151, -70.62506929245541",Atencion de Emergencía DRGD,Seguridad,Ejecutado,Pendiente de Creación ,,,choque de camión con dos Postes
Av. Isabel Riquelme con Las Flores,1,"-33.48421321628938, -70.62511580653279",Atencion de Emergencía DRGD,Seguridad,Ejecutado,0072 P. AREAS VERDES EJECUTADOS.png,,,Caída de arboles y Caída de ramas
Av. Vicuña Mackenna con Mozart,1,"-33.48027944587378, -70.62174435374372",Atencion de Emergencía DRGD,Seguridad,Ejecutado,0072 P. AREAS VERDES EJECUTADOS.png,,,Caída de arboles y Caída de ramas
Av. Vicuña Mackenna con Tchaikovski,1,"-33.4765612164186, -70.62278006195329",Atencion de Emergencía DRGD,Seguridad,Ejecutado,0072 P. AREAS VERDES EJECUTADOS.png,,,Caída de arboles y Caída de ramas
Diagonal Santa Elena con Cascanueces,1,"-33.477228308656784, -70.6235915309163",Atencion de Emergencía DRGD,Seguridad,Ejecutado,0072 P. AREAS VERDES EJECUTADOS.png,,,Caída de arboles y Caída de ramas
Santa Elena (Plaza Valdivieso llegando a Pintor Cicarelli),1,"-33.47477806770958, -70.62563565347952",Atencion de Emergencía DRGD,Seguridad,Ejecutado,0072 P. AREAS VERDES EJECUTADOS.png,,,Caída de arboles y Caída de ramas
Diagonal Santa Elena (Cercano a Palestrina),1,"-33.47548639346771, -70.62623954465269",Atencion de Emergencía DRGD,Seguridad,Ejecutado,0072 P. AREAS VERDES EJECUTADOS.png,,,Caída de arboles y Caída de ramas
Diagonal Santa Elena (Cercano a Debussy),1,"-33.477429996650024, -70.6280842606566",Atencion de Emergencía DRGD,Seguridad,Ejecutado,0072 P. AREAS VERDES EJECUTADOS.png,,,Caída de arboles y Caída de ramas
Entre Diagonal Santa Elena con Pintor Cicarelli (en dirección a vicuña mackenna),1,"-33.475835385349185, -70.6273067341824",Atencion de Emergencía DRGD,Seguridad,Ejecutado,0072 P. AREAS VERDES EJECUTADOS.png,,,Caída de arboles y Caída de ramas
Direccion no esta clara,1,"-33.477598467288644, -70.63760014406881",Atencion de Emergencía DRGD,Seguridad,Ejecutado,00128_AGUA.png,,,Suspension de agua
Direccion no esta clara,1,"-33.47782409355299, -70.63774584333243",Atencion de Emergencía DRGD,Seguridad,Ejecutado,00128_AGUA.png,,,Suspension de agua
Enrique Soro (Falta número de dirección),1,"-33.48268516476262, -70.62744659441114",Atencion de Emergencía DRGD,Seguridad,Ejecutado,pendiente de Creación (Gestion de riesgo de desastres),,,"-Mesa territorial T1; realizada por Dirección de Gestión de Riesgo de desastres (DGRD), Sede Social Pobl. I. Riquelme"
Sierra Bella 2815 ,1,"-33.48274418587143, -70.63251119399814",Actividades Comunitarias DGRD,Seguridad,Ejecutado,pendiente de Creación ,,,"1ra Feria comunal de Gestion del Riesgo de Desastres-San Joaquín, Sierra Bella 2815"
Sierra Bella 2815 ,1,"-33.48274418587143, -70.63251119399814",Actividades Comunitarias DGRD,Seguridad,Ejecutado,pendiente de Creación ,,,"Capacitación Prevención de Riesgos-San Joaquín, Sierra Bella 2815"
Sierra Bella 2815 ,1,"-33.48274418587143, -70.63251119399814",Actividades Comunitarias DGRD,Seguridad,Ejecutado,pendiente de Creación ,,,Charla Reducción de Riesgos Eléctricos para la comunidad ; Sierra Bella 2815
Sierra Bella 2888,1,"-33.483165073374245, -70.63166741981955",Actividades Comunitarias DGRD,Seguridad,Ejecutado,pendiente de Creación ,,,Capacitación de reducción de Riesgo y material de emergencia ; Sierra Bella 2888
Santa Rosa con Rivas,1,"-33.47934801551254, -70.6410810861411",Actividades Comunitarias DGRD,Seguridad,Ejecutado,pendiente de Creación ,,,Charla de Prevencion y manejo de Extintor 
Borodín frente al 2895,1,"-33.47982373790123, -70.62869681928773",Lomos de Toro Asfalto Ejecucion 2024,Desarrollo Urbano,Ejecución ,0077 LOMO DE TORO.png,,,-Lomos de Toro Asfalto Ejecución 2024
Borodin frente al 2776,1,"-33.478780825596594, -70.62897090309518",Lomos de Toro Asfalto Ejecucion 2024,Desarrollo Urbano,Ejecución ,0077 LOMO DE TORO.png,,,-Lomos de Toro Asfalto Ejecución 2024
Chopin frente al 2843,1,"-33.477889129204854, -70.62359754588438",Lomos de Toro Asfalto Ejecucion 2024,Desarrollo Urbano,Ejecución ,0077 LOMO DE TORO.png,,,-Lomos de Toro Asfalto Ejecución 2024
Carlos Fernandez con Santa Elena,1,"-33.47344806719748, -70.62615978438748",Mitigaciones Asociadas a Construcción de Edificios A Ejecturce 2025,Desarrollo Urbano,Ejecución ,Pendiente de Creación (reposicion de canaletas aguas lluvias),,,Reposición Canaletas de Aguas Lluvias
Entre Santa Elena y Av. Vicuña Mackenna ,1,Pendiente por trazado,Mitigaciones Asociadas a Construcción de Edificios A Ejecturce 2025,Desarrollo Urbano,Ejecutado,00130_SENALIZACION_DEMARCACION.png,,,Señalización y Demarcación
Eje Santa Elena entre Rodrigo de Araya y limite de comuna santiacgo,1,Pendiente por trazado,Mitigaciones Asociadas a Construcción de Edificios A Ejecturce 2025,Desarrollo Urbano,Ejecutado,00130_SENALIZACION_DEMARCACION.png,,,Señalización y Demarcación
"Eje Av. Vicuña Mackenna , entre Celia Solar y Rodrigo de Araya",1,Pendiente por trazado,Mitigaciones Asociadas a Construcción de Edificios A Ejecturce 2025,Desarrollo Urbano,Ejecutado,00130_SENALIZACION_DEMARCACION.png,,,Señalización y Demarcación
Santa Elena (Cercano a Celia Solar),1,"-33.47232647648765, -70.62648136174292",Mitigaciones Asociadas a Construcción de Edificios A Ejecturce 2025,Desarrollo Urbano,Ejecutado,0078 SEMAFORO.png,,,Señal led lumínica de reversibilidad en Santa Elena
Sierra Bella 2816,1,"-33.482824526061904, -70.63156976345206",Intervenciones Comunitarias y Participacion de la Comunidad,Medioambiente,Ejecutado,Pendiente de Creación ,,,Escuela Agroecológica en tu Barrio
Sierra Bella 2816,1,"-33.482824526061904, -70.63156976345206",Intervenciones Comunitarias y Participacion de la Comunidad,Medioambiente,Ejecutado,Pendiente de Creación ,,,Tercera Ecoferia Comunal 
Sierra Bella 2816,1,"-33.482824526061904, -70.63156976345206",Intervenciones Comunitarias y Participacion de la Comunidad,Medioambiente,Ejecutado,Pendiente de Creación ,,,Escuela Ambiental de Verano 
Sierra Bella 2816,1,"-33.482824526061904, -70.63156976345206",Intervenciones Comunitarias y Participacion de la Comunidad,Medioambiente,Ejecutado,Pendiente de Creación ,,,Fiesta de la Cosecha 
Carmen con Silva ,1,"-33.477926589706065, -70.63412097396893",Recuperación Sustentable de Espacios Urbanos ,Medioambiente,Ejecutado,Pendiente de Creación ,,,Recuparación Sustentable de Espacios Urbanos
Sta María entre Sierra Bella y Lira (ruta que debe ser trazada),1,Pendiente por trazado,Erradicación Microbasural,Medioambiente,Ejecutado,Pendiente de Creación,,,Erradicación Microbasural 
Santa Corina con Manuel Antonio Tocornal (JJVV Población El Carmen),1,"-33.47906592031387, -70.6324847814336",Operativos de Veterinaria 2024,Animales,Ejecutado,00103 OPERATIVO VETERINARIO.png,,,Operativo de Veterinaria (Gatos)
Carlos Valdovinos 561 (JJVV Pacifico Rivas 3 y 4),1,"-33.481672046476916, -70.63853034144071",Operativos de Veterinaria 2024,Animales,Ejecutado,00103 OPERATIVO VETERINARIO.png,,,Operativo de Veterinaria (Gatos)
Interior Villa Pintor Cicarelli (JJVV Villa Pintor Cicarelli),1,"-33.47717203387171, -70.63854253742183",Operativos de Veterinaria 2024,Animales,Ejecutado,00103 OPERATIVO VETERINARIO.png,,,Operativo de Veterinaria (Gatos)
Isabel Riquelme 571 (JJVV San Francisco de California),1,"-33.47818790100946, -70.63842867611902",Operativos de Veterinaria 2024,Animales,Ejecutado,00103 OPERATIVO VETERINARIO.png,,,Operativo de Veterinaria (Gatos)
Enrique Soro 3216 (JJVV Población Isabel Riquelme),1,"-33.48217140105398, -70.62761480009102",Operativos de Veterinaria 2024,Animales,Ejecutado,00103 OPERATIVO VETERINARIO.png,,,Operativo de Veterinaria (Gatos)
Palestrina 2791 (JJVV Villa Musicos del Mundo),1,"-33.47769545303604, -70.62565323035368",Operativos de Veterinaria 2024,Animales,Ejecutado,00103 OPERATIVO VETERINARIO.png,,,Operativo de Veterinaria (Gatos)
Artemio Gutierrez 2319 (JJVV San Pedro),1,"-33.47456722623984, -70.63317727910845",Operativos de Veterinaria 2024,Animales,Ejecutado,00103 OPERATIVO VETERINARIO.png,,,Operativo de Veterinaria (Gatos)
Gluck 2795 (JJVV Población Musicos del Mundo),1,"-33.477979178061034, -70.62674056079325",Operativos de Veterinaria 2024,Animales,Ejecutado,00103 OPERATIVO VETERINARIO.png,,,Operativo de Veterinaria (Gatos)
Plaza Casa Blanca (JJVV Población Vicente Navarrete),1,"-33.477057017309654, -70.63568304995805",Operativos de Veterinaria 2024,Animales,Ejecutado,00103 OPERATIVO VETERINARIO.png,,,Operativo de Veterinaria (Gatos)
Artemio Gutierrez 2319 (JJVV San Pedro),1,"-33.47456722623984, -70.63317727910845",Operativos de Veterinaria 2024,Animales,Ejecutado,00103 OPERATIVO VETERINARIO.png,,,Operativo de Veterinaria (Perros)
Plaza Casa Blanca (JJVV Población Vicente Navarrete),1,"-33.477057017309654, -70.63568304995805",Operativos de Veterinaria 2024,Animales,Ejecutado,00103 OPERATIVO VETERINARIO.png,,,Operativo de Veterinaria (Perros)
Gluck 2795 (JJVV Población Musicos del Mundo),1,"-33.477979178061034, -70.62674056079325",Operativos de Veterinaria 2024,Animales,Ejecutado,00103 OPERATIVO VETERINARIO.png,,,Operativo de Veterinaria (Perros)
Rivas 572 (JJVV Unidos por rivas),1,"-33.479894735102, -70.63884760455696",Operativos de Veterinaria 2024,Animales,Ejecutado,00103 OPERATIVO VETERINARIO.png,,,Operativo de Veterinaria (Perros)
Rivas con Peumo (JJVV Pintor Cicarelli),1,"-33.47906607326385, -70.64029067248414",Operativos de Veterinaria 2024,Animales,Ejecutado,00103 OPERATIVO VETERINARIO.png,,,Operativo de Veterinaria (Perros)
Carlos Valdovinos 561 (JJVV Pacifico Rivas 3 y 4),1,"-33.481672046476916, -70.63853034144071",Operativos de Veterinaria 2024,Animales,Ejecutado,00103 OPERATIVO VETERINARIO.png,,,Operativo de Veterinaria (Perros)
Enrique Soro 3216 (JJVV Población Isabel Riquelme),1,"-33.48217140105398, -70.62761480009102",Operativos de Veterinaria 2024,Animales,Ejecutado,00103 OPERATIVO VETERINARIO.png,,,Operativo de Veterinaria (Perros)
Haydn 3189 (JJVV Villa Las Flores),1,"-33.482223106425764, -70.62474400159114",Operativos de Veterinaria 2024,Animales,Ejecutado,00103 OPERATIVO VETERINARIO.png,,,Operativo de Veterinaria (Perros)
Villa Manuel de Salas (JJVV Villa Manuel de Salas),1,"-33.47599852589147, -70.63589304937761",Operativos de Veterinaria 2024,Animales,Ejecutado,00103 OPERATIVO VETERINARIO.png,,,Operativo de Veterinaria (Perros)
Juan Sebastian Bach con Haydn (Parroquía San Nicolas de Tolentino),1,"-33.47990313077972, -70.62581470816848",Operativos de Veterinaria 2024,Animales,Ejecutado,00103 OPERATIVO VETERINARIO.png,,,Operativo de Veterinaria (Perros)
Artemio Gutierrez 2319 (JJVV San Pedro),1,"-33.47456341593989, -70.6331783096913",Operativos de Veterinaria 2025,Animales,Ejecutado,00103 OPERATIVO VETERINARIO.png,,,Operativo de Veterinaria (Perros)
Gluck 2795 (JJVV Musicos del Mundo),1,"-33.47795671970004, -70.62674960223562",Operativos de Veterinaria 2025,Animales,Ejecutado,00103 OPERATIVO VETERINARIO.png,,,Operativo de Veterinaria (Perros)
Haydn 3189 (JJVV Villa Las Flores),1,"-33.48221153065341, -70.62474131508108",Operativos de Veterinaria 2025,Animales,Ejecutado,00103 OPERATIVO VETERINARIO.png,,,Operativo de Veterinaria (Perros)
Isabel Riquelme 571 (JJVV San Francisco de California),1,"-33.47813287802074, -70.63841587246775",Operativos de Veterinaria 2025,Animales,Ejecutado,00103 OPERATIVO VETERINARIO.png,,,Operativo de Veterinaria (Perros)
Rivas con Peumo (JJVV Pintor Cicarelli),1,"-33.47915996396686, -70.64028627546872",Operativos de Veterinaria 2025,Animales,Ejecutado,00103 OPERATIVO VETERINARIO.png,,,Operativo de Veterinaria (Perros)
Carlos Valdovinos 561 (JJVV Pacificos 3 y 4),1,"-33.480298310994556, -70.63823586372075",Operativos de Veterinaria 2025,Animales,Ejecutado,00103 OPERATIVO VETERINARIO.png,,,Operativo de Veterinaria (Perros)
Casablanca 2599 (JJVV Poblacion Vicente Navarrete),1,"-33.47842992610345, -70.63516438990906",Operativos de Veterinaria 2025,Animales,Ejecutado,00103 OPERATIVO VETERINARIO.png,,,Operativo de Veterinaria (Gatos)
Isabel Riquelme 571 (JJVV San Francisco de California),1,"-33.47813287802074, -70.63841587246775",Operativos de Veterinaria 2025,Animales,Ejecutado,00103 OPERATIVO VETERINARIO.png,,,Operativo de Veterinaria (Gatos)
Rivas con Peumo (JJVV Pintor Cicarelli),1,"-33.47915996396686, -70.64028627546872",Operativos de Veterinaria 2025,Animales,Ejecutado,00103 OPERATIVO VETERINARIO.png,,,Operativo de Veterinaria (Gatos)
Artemio Gutierrez 2319 (JJVV San Pedro),1,"-33.47456341593989, -70.6331783096913",Operativos de Veterinaria 2025,Animales,Ejecutado,00103 OPERATIVO VETERINARIO.png,,,Operativo de Veterinaria (Gatos)
Carmen 2914 (JJVV Nueva Carmen),1,"-33.48195610387401, -70.63415073431456",Operativos de Veterinaria 2025,Animales,Ejecutado,00103 OPERATIVO VETERINARIO.png,,,Operativo de Veterinaria (Gatos)
Rivas 572 (JJVV Unidos por Rivas),1,"-33.47975952849051, -70.63914767858822",Operativos de Veterinaria 2025,Animales,Ejecutado,00103 OPERATIVO VETERINARIO.png,,,Operativo de Veterinaria (Gatos)
Interior Rivas (Edificio Pacificio 1 y 2),1,"-33.48011235283376, -70.63877232577845",Mejoramiento de Áreas Verdes,Medioambiente,Ejecutado,0072 P. AREAS VERDES EJECUTADOS.png,,,Mejoramiento Área Verde Rivas FNDR-FRIL
Sierra Bella (Parque Sierra Bella),1,"-33.4831573897855, -70.63309245874058",Mejoramiento de Áreas Verdes,Medioambiente,Ejecutado,Pendiente de craeción ,,,Licitación de proyecto de diseño para postulación a ejecución 
Yalta con Carlos Silva Vildosola ,1,"-33.47850005717475, -70.63664281965453",CECOSF,Salud,Ejecutado,0018 CECOSF.png,,,Centro Comunitario de Salud Familiar
Arquitecto Arturo Bianchi con Francisca de Rimini ,1,"-33.486697081245985, -70.62361663702421",CESFAM ,Salud,Ejecutado,0019 CESFAM.png,,,Centro de Salud Familiar
Rivas 696,1,"-33.47906394907691, -70.6411027067832",Salud,Salud,Ejecutado,Pendiente de craeción ,,,Farmacia Popular Sector Norte 
Rivas 696,1,"-33.47906394907691, -70.6411027067832",Salud,Salud,Ejecutado,Pendiente de craeción ,,,Unidad de Atención Primaria Oftalmologica (UAPO)
Av. Isabel Riquelme 262,1,"-33.482863590453555, -70.62743271044735",FALP,Salud,Ejecutado,000109 OPERATIVO FALP.png,,,Operativos FALP
Av. Isabel Riquelme 262,1,"-33.482863590453555, -70.62743271044735",FALP,Salud,Ejecutado,000109 OPERATIVO FALP.png,,,Operativos FALP
Calle Pacifico 2497,1,"-33.479389606479415, -70.63719903330893",PROYECTO NUEVO CECOSF,Salud,Ejecutado,Pendiente de creacion (en ejecución),,,Proyecto de Infraestructura en Ejecución (Obra por terminar)
Sierra Bella 2888,1,"-33.48315578615642, -70.63162814851363",TALLER DE TENIS,Deportes,Ejecutado,Pendiente de creacion (Taller tenis),,,Cancha de Tenis (Taller tenis adulto - niños)
Condominio Pacifico Rivas 558 - 561,1,"-33.48005333800227, -70.63795898311156",TALLERES DEPORTIVOS ,Deportes,Ejecutado,Pendiente de creacion (Talleres Multideportivos),,,"Se realizan talleres de Basquetbol niñez, karate y yoga"
Estadio Municipal (Av. Carlos Valdovinos 279),1,"-33.48433860728327, -70.62893414071661",TALLERES DEPORTIVOS ,Deportes,Ejecutado,Pendiente de creacion (Talleres Multideportivos),,,"Zumba, Entrenamiento funcional niñez, Entrenamiento funcional adulto y escuela de futbol municipal"
Sierra Bella 2888,1,"-33.48315578615642, -70.63162814851363",TALLERES DEPORTIVOS ,Deportes,Ejecutado,Pendiente de creacion (Talleres Multideportivos),,,"Karate, Voleibol, Patinaje niñez, yoga y taekwondo "
"JJVV Musicos del Mundo, Gluck 2795",1,"-33.477977532667815, -70.62673953777298",TALLERES DEPORTIVOS ,Deportes,Ejecutado,06 PILATES.png,,,Pilates
Multicancha  JJVV Musicos del Mundo,1,"-33.48180699190063, -70.62506634682747",TALLERES DEPORTIVOS ,Deportes,Ejecutado,05 FUTBOL.png (pendiente de creacion futbol niñez),,,Futbol niñez
"JJVV El Carmen , Sierra Bella 2673",1,"-33.47969583065941, -70.63122747701144",TALLERES DEPORTIVOS ,Deportes,Ejecutado,06 PILATES.png,,,Pilates
Multicancha Plaza Las Flores,1,"-33.481776921329825, -70.62508150493213",TALLERES DEPORTIVOS ,Deportes,Ejecutado,Pendiente de creacion (Talleres Multideportivos),,,Entrenamiento funcional adulto y zumba
"Piscina Municipal Recreativa, Carlos Valdovinos 287",1,"-33.48370171879337, -70.63087944248839",TALLERES DEPORTIVOS ,Deportes,Ejecutado,0028 TALLER DE PISCINA.png,,,Talleres piscina Verano 
"Piscina Municipal Temperada, Carlos Valdovinos 287",1,"-33.48364585146848, -70.63020641539326",TALLERES DEPORTIVOS ,Deportes,Ejecutado,Pendiente de creacion (Talleres Multideportivos),,,"Aquazumba, hidroyoga, natacion gestantes, matronatación, y ambientacion al medio acuático, seguridad en el agua, natacion inicial, natación adolecente, hidrogimnasia, natacion inicial adultos."
"Villa Manuel de Salas , Carmen 2341",1,"-33.47623503624933, -70.63617281531414",TALLERES DEPORTIVOS ,Deportes,Ejecutado,Pendiente de creacion (Talleres Multideportivos),,,"Basquetbol niñez, Entrenamiento funcional, Zumba"
"Skate park, Parque intercomunal Victor Jara (Isabel Riquelme 542)",1,"-33.479215415936345, -70.63774760018646",TALLERES DEPORTIVOS ,Deportes,Ejecutado,0030 SKATE.png,,,Skate
Plaza Santa María ,1,"-33.47410584809216, -70.63349211047422",TERMINADOS 2024,Desarrollo Urbano ,Ejecutado,0017 PROYECTOS EJECUTADOS.png,,,"Mejoramiento de zonas deportivas, instalación de circuitos de calistenia y circuitos inclusivos."
San Francisco de California ,1,"-33.47831190390589, -70.63847727062021",TERMINADOS 2024,Desarrollo Urbano ,Ejecutado,0017 PROYECTOS EJECUTADOS.png,,,"Mejoramiento de zonas deportivas, instalación de circuitos de calistenia y circuitos inclusivos."
Casablanca ,1,"-33.477159466966874, -70.63562845347668",TERMINADOS 2024,Desarrollo Urbano ,Ejecutado,0017 PROYECTOS EJECUTADOS.png,,,"Mejoramiento de zonas deportivas, instalación de circuitos de calistenia y circuitos inclusivos."
"Estadio Municipal, Av. Carlos Valdovinos 279",1,"-33.484303983768406, -70.62892164804842",HITOS E INTERVENCIONES COMUNITARIAS ,Deportes,Ejecutado,Pendiente de creacion (zumba Fluor),,,Zumba Fluor
Sierra Bella 2888,1,"-33.4830749028196, -70.6317222064438",HITOS E INTERVENCIONES COMUNITARIAS ,Deportes,Ejecutado,0090 CALLES ABIERTA FAMILIARES.png,,,Inauguración Calles Abiertas Familiares
"Estadio Municipal, Av. Carlos Valdovinos 279",1,"-33.484303983768406, -70.62892164804842",HITOS E INTERVENCIONES COMUNITARIAS ,Deportes,Ejecutado,Pendiente de creacion (Voleibol),,,Campeonato deportivo de talleres de voleibol
"Piscina Municipal Temperada, Carlos Valdovinos 287",1,"-33.48364585146848, -70.63020641539326",HITOS E INTERVENCIONES COMUNITARIAS ,Deportes,Ejecutado,Pendiente de creacion (Vacaciones invierno piscina  temperada),,,Vacaciones de invierno piscina temperada
Gimnasio Municipal,1,"-33.48308252921477, -70.63171657693465",HITOS E INTERVENCIONES COMUNITARIAS ,Deportes,Ejecutado,Pendiente de creacion (Gala artistica),,,Gala artistica de talleres deportivos 
"JJVV Vicente Navarrete , Casablanca 2599",1,"-33.47842992610345, -70.63516438990906",TALLERES CULTURALES ,Cultura,Ejecutado,0013 DIA DEL CUEQUERO Y CUEQUERA.png,,,Se realizan bailes de Cueca Brava 
Plaza Valdivieso,1,"-33.474338775002416, -70.62632034047559",FIESTAS Y CELEBRACION ,Cultura,Ejecutado,0049 ACTIVIDADES ITINERANTES.png,,,se realiza la Chilenera 
Sierra Bella (Plaza Isabel Riquelme),1,"-33.47899898816299, -70.63804183932035",FIESTAS Y CELEBRACION ,Cultura,Ejecutado,0049 ACTIVIDADES ITINERANTES.png,,,Navidad
Plaza Debussy,1,"-33.47818413362091, -70.62742403558087",ACTIVIDADES TERRITORIO 1,Cultura,Ejecutado,,,,Murga Urdemales 
Santa Rosa 2414,1,"-33.47656777919845, -70.64175814960554",ACTIVIDADES TERRITORIO 1,Cultura,Ejecutado,,,,Inauguración Plaza de Bolsillo Joan Jara 
Sierra Bella (Plaza Isabel Riquelme),1,"-33.48253738677336, -70.6318368345598",ACTIVIDADES COMUNITARIAS DIDECO ,Social y Comunitario,Ejecutado,0031 TALLER ADULTO MAYOR.png,,,"Talleres Personas Mayores en CAM zona norte: Taller de yoga, Alfabetizacion digital; mente activa 1, manualidades, canto, chi king, Salud integral, mente activa 2, teatro, arpilleria, danza latinoamericana, cosmetica natural, guitarra, bordado Mexicano"
Maqui 655,1,"-33.47786018719673, -70.6406855045502",ACTIVIDADES COMUNITARIAS DIDECO ,Social y Comunitario,Ejecutado,0031 TALLER ADULTO MAYOR.png,,,Taller mente activa
Santa Corina con Tocornal ,1,"-33.47895691184349, -70.63240744652862",ACTIVIDADES COMUNITARIAS DIDECO ,Social y Comunitario,Ejecutado,0031 TALLER ADULTO MAYOR.png,,,Gimansia y mente activa
Plaza Luis Marchant,1,"-33.47636799362912, -70.63151813553667","Area participacion, promocion y prevencion",Social y Comunitario,Ejecutado,00110 VERANO EN TU BARRIO.png,,,Verano en tu Barrio 
JJVV Manuel de Salas,1,"-33.47599004311474, -70.63590495977431","Area participacion, promocion y prevencion",Social y Comunitario,Ejecutado,,,,Taller de Guitarra 
Centro Educacional Provincia de Ñuble,1,"-33.478316618514164, -70.63611608756415","Area participacion, promocion y prevencion",Social y Comunitario,Ejecutado,,,,Programa Habilidades para la Vida (HPV)
Sierra Bella (Plaza Isabel Riquelme),1,"-33.47899898816299, -70.63804183932035","Area participacion, promocion y prevencion",Social y Comunitario,Ejecutado,,,,Se celebra el dia Internacional de Inmigrante
JJVV San Pedro,1,"-33.46899567082337, -70.634567879608","Area participacion, promocion y prevencion",Social y Comunitario,Ejecutado,,,,Charla Preventiva sobre la Trata de personas
Santa Rosa 2606,1,"-33.479048260950236, -70.64149674040375",Mejoramiento de infraestructura municipal,Social y Comunitario,Ejecutado,,,,Proyecto Bicicletero municipal y acondicionamiento de primer piso correspondiente a la Direccion de Desarrollo Social
Sierra Bella (Plaza Isabel Riquelme),1,"-33.48253738677336, -70.6318368345598",Actividades oficina de la discapacidad e inclusion,Social y Comunitario,Ejecutado,,,,"Encuentro presencial del termino de 15 sesiones del taller ""comienzo por mí"""
"Piscina Municipal Temperada, Carlos Valdovinos 287",1,"-33.48364585146848, -70.63020641539326",Actividades oficina de la discapacidad e inclusion,Social y Comunitario,Ejecutado,,,,"Taller Activate en el medio acuatico, actividad recreativa , junto a colegio Jorge Otte, conformacion organizacion vida acuatica, primer polideportivo inclusivo"
JJVV Las Flores ,1,"-33.48219968770502, -70.62473951459252",Operativos Sociales ,Social y Comunitario,Ejecutado,00107 OPERATIVOS SOCIALES.png,,,"Operativos sociales, con multiples servicios, como Registro social de hogares, Prestaciones monetarias Desarrollo Social, Oficina de Discapacidad e inclusión, Chile crece contigo, entre otros apoyos."
JJVV San Francisco de California ,1,"-33.47814698722821, -70.63842283092244",Operativos Sociales ,Social y Comunitario,Ejecutado,00107 OPERATIVOS SOCIALES.png,,,"Operativos sociales, con multiples servicios, como Registro social de hogares, Prestaciones monetarias Desarrollo Social, Oficina de Discapacidad e inclusión, Chile crece contigo, entre otros apoyos."
JJVV San Pedro,1,"-33.47490176381543, -70.63276762806007",Operativos Sociales ,Social y Comunitario,Ejecutado,00107 OPERATIVOS SOCIALES.png,,,"Operativos sociales, con multiples servicios, como Registro social de hogares, Prestaciones monetarias Desarrollo Social, Oficina de Discapacidad e inclusión, Chile crece contigo, entre otros apoyos."
JJVV El Carmen,1,"-33.47970059092784, -70.63122718856704",Operativos Sociales ,Social y Comunitario,Ejecutado,00107 OPERATIVOS SOCIALES.png,,,"Operativos sociales, con multiples servicios, como Registro social de hogares, Prestaciones monetarias Desarrollo Social, Oficina de Discapacidad e inclusión, Chile crece contigo, entre otros apoyos."
JJVV Nueva Carmen,1,"-33.48192636120042, -70.63415392401647",Operativos Sociales ,Social y Comunitario,Ejecutado,00107 OPERATIVOS SOCIALES.png,,,"Operativos sociales, con multiples servicios, como Registro social de hogares, Prestaciones monetarias Desarrollo Social, Oficina de Discapacidad e inclusión, Chile crece contigo, entre otros apoyos."
"Sierra Bella 2888, Centro Civico",1,"-33.48313849634792, -70.63163609318467",Capacitación OTEC 2024,Emprendimiento y Trabajo ,Ejecutado,0046 CAPACITACION OTEC.png,,,"8 Capacitaciones en que participaron un total de 174 personas en las areas de: jardineria 1 y 2, costura, instalador electrico, ingles intermedio, costura en molde, costura en reciclaje"
Plaza Valdivieso,1,"-33.474338775002416, -70.62632034047559",Feria de Emprendedores ,Emprendimiento y Trabajo ,Ejecutado,0049 ACTIVIDADES ITINERANTES.png,,,Fiesta Chilenera 
Santa Rosa 2606,1,"-33.479048260950236, -70.64149674040375",Feria de Emprendedores ,Emprendimiento y Trabajo ,Ejecutado,07 FERIA EMPRENDEDORES.png,,,Mercado en tu Municpio 
Bach con Av. Vicuña Mackenna ,1,"-33.47877249316054, -70.62215981139836",Feria de Emprendedores ,Emprendimiento y Trabajo ,Ejecutado,07 FERIA EMPRENDEDORES.png,,,Feria Bach 
Av. Santa Rosa con Pintor Cicarelli,1,"-33.476623954663296, -70.64174284973026",Feria de Emprendedores ,Emprendimiento y Trabajo ,Ejecutado,07 FERIA EMPRENDEDORES.png,,,Plaza Joan Jara
Plaza Valdivieso,1,"-33.474338775002416, -70.62632034047559",Feria de Emprendedores ,Emprendimiento y Trabajo ,Ejecutado,07 FERIA EMPRENDEDORES.png,,,Feria Expofest
Sierra Bella (Plaza Isabel Riquelme),1,"-33.48253738677336, -70.6318368345598",Feria de Emprendedores ,Emprendimiento y Trabajo ,Ejecutado,00102 FERIA VIKINGA.png,,,Feria Vikinga
Lider (Av. Vicuña Mackenna 3361),1,"-33.48424081214991, -70.62225845056584",Feria de Emprendedores ,Emprendimiento y Trabajo ,Ejecutado,07 FERIA EMPRENDEDORES.png,,,Feria Comercialización 
"Sala de capacitacion, Centro Civico",1,"-33.48342858844737, -70.63159661733845",Academia de emprendimiento y jornadas capacitacion 2024,Emprendimiento y Trabajo ,Ejecutado,,,,"Academia de Verano: MKT para emprendedores, creacion de modelos de negocios "
"Sala de capacitacion, Centro Civico",1,"-33.48342858844737, -70.63159661733845",Academia de emprendimiento y jornadas capacitacion 2024,Emprendimiento y Trabajo ,Ejecutado,,,,Academia de emprendimiento Julio/Agosto Desarrollo Personal 
Universidad de Talca (Santa Elena 2222),1,"-33.47264844077303, -70.62621416314536",Academia de emprendimiento y jornadas capacitacion 2024,Emprendimiento y Trabajo ,Ejecutado,,,,Academia de emprendimiento marzo: Computación Básica y contabilidad
Enrique Soro 3216 (JJVV Población Isabel Riquelme),1,"-33.48217140105398, -70.62761480009102",Academia de emprendimiento y jornadas capacitacion 2024,Emprendimiento y Trabajo ,Ejecutado,,,,Informate y Formalizate
"Sierra Bella 2888, Centro Civico (centro de capacitación y cowork San Joaquín)",1,"-33.48343350554963, -70.63156566048212",Academia de emprendimiento y jornadas capacitacion 2024,Emprendimiento y Trabajo ,Ejecutado,,,,Programa Mentorias para emprendimientos (UTFSM)
"Sierra Bella 2888, Centro Civico (centro de capacitación y cowork San Joaquín)",1,"-33.48343350554963, -70.63156566048212",Academia de emprendimiento y jornadas capacitacion 2024,Emprendimiento y Trabajo ,Ejecutado,,,,Academia de emprendimiento noviembre 2024; Desarrollo Personal; Redes Sociales Empresariales; Fotografía y videos de productos ; Marketing Digital
"Sierra Bella 2888, Centro Civico (centro de capacitación y cowork San Joaquín)",1,"-33.48343350554963, -70.63156566048212",Academia de emprendimiento y jornadas capacitacion 2024,Emprendimiento y Trabajo ,Ejecutado,,,,Programa mentorias UDLA
JJVV Pintor Cicarelli (Santa Rosa 2550),1,"-33.47915996396686, -70.64028627546872",Feria OMIL,Emprendimiento y Trabajo ,Ejecutado,0035 FERIA OMIL.png,,,realizacion de ferias OMIL 2024
JJVV Poblacion El Carmen (Sierra Bella 2673),1,"-33.479694947289744, -70.63122646197937",Feria OMIL,Emprendimiento y Trabajo ,Ejecutado,0035 FERIA OMIL.png,,,realizacion de ferias OMIL 2024
"Sierra Bella 2888, Centro Civico",1,"-33.48343350554963, -70.63156566048212",Capacitaciones,Emprendimiento y Trabajo ,Ejecutado,0091 TALLERES PARA LAS MUJERES.png,,,Capacitaciones apresto laboral (71 usuarios + 6 usuarios del PMHJ)
Av. Santa Rosa con Pintor Cicarelli (plaza bolsillo Joan Jara),1,"-33.476623954663296, -70.64174284973026",ACTIVIDADES MUJERES TERRITORIO 1,Mujer y Equidad de Genero,Ejecutado,,,,Participación en inauguración Plaza Bolsillo Joan Jara
Gimnasio Municipal,1,"-33.48308252921477, -70.63171657693465",ACTIVIDADES MUJERES TERRITORIO 1,Mujer y Equidad de Genero,Ejecutado,,,,Encuentro dirigentes sociales 
Gimnasio Municipal,1,"-33.48308252921477, -70.63171657693465",ACTIVIDADES MUJERES TERRITORIO 1,Mujer y Equidad de Genero,Ejecutado,,,,Encuentro mujeres emprendedoras 
Gimnasio Municipal,1,"-33.48308252921477, -70.63171657693465",ACTIVIDADES MUJERES TERRITORIO 1,Mujer y Equidad de Genero,Ejecutado,,,,Celebracion día de las madres
Gimnasio Municipal,1,"-33.48308252921477, -70.63171657693465",ACTIVIDADES MUJERES TERRITORIO 1,Mujer y Equidad de Genero,Ejecutado,0091 TALLERES PARA LAS MUJERES.png,,,Expo talleres primer y segundo semestre 
Universidad de Talca (Santa Elena 2222),1,"-33.47264844077303, -70.62621416314536",ACTIVIDADES MUJERES TERRITORIO 1,Mujer y Equidad de Genero,Ejecutado,,,,Conversatorio mujeres
"JJVV Musicos del Mundo, Gluck 2795",1,"-33.477977532667815, -70.62673953777298",ACTIVIDADES MUJERES TERRITORIO 1,Mujer y Equidad de Genero,Ejecutado,0091 TALLERES PARA LAS MUJERES.png,,,Trayectoria de Mamás
"JJVV Musicos del Mundo, Gluck 2795",1,"-33.477977532667815, -70.62673953777298",ACTIVIDADES MUJERES TERRITORIO 1,Mujer y Equidad de Genero,Ejecutado,0091 TALLERES PARA LAS MUJERES.png,,,Certificación organización taller crochet 2
"Espacio Chequeslovaquia, Liszt 3319",1,"-33.483189276262124, -70.62353253689938",ACTIVIDADES MUJERES TERRITORIO 1,Mujer y Equidad de Genero,Ejecutado,0091 TALLERES PARA LAS MUJERES.png,,,Certificación organización taller cosmetica nivel 2
"Espacio Chequeslovaquia, Liszt 3319",1,"-33.483189276262124, -70.62353253689938",ACTIVIDADES MUJERES TERRITORIO 1,Mujer y Equidad de Genero,Ejecutado,0091 TALLERES PARA LAS MUJERES.png,,,Certificación taller de teatro
Condominio Pacifico 3 y 4 (Carlos Valdovinos 561),1,"-33.48110170193817, -70.63797565058263",ACTIVIDADES MUJERES TERRITORIO 1,Mujer y Equidad de Genero,Ejecutado,0091 TALLERES PARA LAS MUJERES.png,,,Certificación organización taller crochet 3
"JJVV Vicente Navarrete , Casablanca 2599",1,"-33.47842992610345, -70.63516438990906",ACTIVIDADES MUJERES TERRITORIO 1,Mujer y Equidad de Genero,Ejecutado,0091 TALLERES PARA LAS MUJERES.png,,,Certificación taller de manuealidades 
JJVV San Pedro,1,"-33.47490176381543, -70.63276762806007",ACTIVIDADES MUJERES TERRITORIO 1,Mujer y Equidad de Genero,Ejecutado,0091 TALLERES PARA LAS MUJERES.png,,,Certificación organización taller mosaico 
Casa Participante,1,"-33.48157758832086, -70.62758350010797",ACTIVIDADES MUJERES TERRITORIO 1,Mujer y Equidad de Genero,Ejecutado,0091 TALLERES PARA LAS MUJERES.png,,,Certificación organización taller de pintura en yeso
"Sierra Bella 2888, Centro Civico",1,"-33.48343350554963, -70.63156566048212",PROGRAMA MUJERES JEFAS DE HOGAR,Mujer y Equidad de Genero,Ejecutado,,,,Entrevistas de postulación a PMJH
"Sierra Bella 2888, Centro Civico",1,"-33.48343350554963, -70.63156566048212",PROGRAMA MUJERES JEFAS DE HOGAR,Mujer y Equidad de Genero,Ejecutado,0091 TALLERES PARA LAS MUJERES.png,,,Talleres de formación para el trabajo 
"Sierra Bella 2888, Centro Civico",1,"-33.48343350554963, -70.63156566048212",PROGRAMA MUJERES JEFAS DE HOGAR,Mujer y Equidad de Genero,Ejecutado,,,,"Apoyo postulación FOSIS, SERCOTEC, y fondos INNOVA"
"Sierra Bella 2888, Centro Civico",1,"-33.48343350554963, -70.63156566048212",PROGRAMA MUJERES JEFAS DE HOGAR,Mujer y Equidad de Genero,Ejecutado,,,,Participación financiera de mujeres en el mercado y educación financiera 
"Sierra Bella 2888, Centro Civico",1,"-33.48343350554963, -70.63156566048212",PROGRAMA MUJERES JEFAS DE HOGAR,Mujer y Equidad de Genero,Ejecutado,0045 APRESTO LABORAL.png,,,Apresto laboral
"Sierra Bella 2888, Centro Civico",1,"-33.48343350554963, -70.63156566048212",PROGRAMA MUJERES JEFAS DE HOGAR,Mujer y Equidad de Genero,Ejecutado,,,,Operativo de belleza y terapias holisticas
"Sierra Bella 2888, Centro Civico",1,"-33.48343350554963, -70.63156566048212",PROGRAMA MUJERES JEFAS DE HOGAR,Mujer y Equidad de Genero,Ejecutado,0091 TALLERES PARA LAS MUJERES.png,,,"Ciclo de talleres""Mujeres con voz y liderazgo"""
"Piscina Municipal Temperada, Carlos Valdovinos 287",1,"-33.48364585146848, -70.63020641539326",PROGRAMA MUJERES JEFAS DE HOGAR,Mujer y Equidad de Genero,Ejecutado,,,,Hito inicial PMJH 2023
JJVV Las Flores ,1,"-33.48219968770502, -70.62473951459252",OPERATIVO SOCIAL,Social y Comunitario ,Ejecutado,00107 OPERATIVOS SOCIALES.png,,,Operativo Social
JJVV San Francisco de California ,1,"-33.47814698722821, -70.63842283092244",OPERATIVO SOCIAL,Social y Comunitario ,Ejecutado,00107 OPERATIVOS SOCIALES.png,,,Operativo Social
JJVV San Pedro,1,"-33.47490176381543, -70.63276762806007",OPERATIVO SOCIAL,Social y Comunitario ,Ejecutado,00107 OPERATIVOS SOCIALES.png,,,Operativo Social
JJVV El Carmen,1,"-33.47970059092784, -70.63122718856704",OPERATIVO SOCIAL,Social y Comunitario ,Ejecutado,00107 OPERATIVOS SOCIALES.png,,,Operativo Social
JJVV Nueva Carmen,1,"-33.48192636120042, -70.63415392401647",OPERATIVO SOCIAL,Social y Comunitario ,Ejecutado,00107 OPERATIVOS SOCIALES.png,,,Operativo Social
"JJVV Musicos del Mundo, Gluck 2795",1,"-33.477977532667815, -70.62673953777298",CONSEJO EN TU BARRIO  ,Social y Comunitario ,Ejecutado,00108 CONSEJO EN TU BARRIO.png,,,Consejo en tu barrio
"JJVV Vicente Navarrete , Casablanca 2599",1,"-33.47842992610345, -70.63516438990906",AUDIENCIA EN TU BARRIO ,Social y Comunitario ,Ejecutado,00105 AUDIENCIA EN TERRENO.png,,,Audiencia en tu barrio
Gimnasio Municipal,1,"-33.48308252921477, -70.63171657693465",OPERATIVO PERSONAS MAYORES,Social y Comunitario ,Ejecutado,Pendiente de creacion,,,Operativo personas mayores
Av. Isabel Riquelme 262,1,"-33.482863590453555, -70.62743271044735",OPERATIVO FALP,Social y Comunitario ,Ejecutado,00109 OPERATIVO FALP.png,,,Operativo FALP
Todo el territorio ,1,Todo el territorio ,PUERTA A PUERTA ,Social y Comunitario ,Ejecutado,00106 PUERTA A PUERTA.png,,,Puerta a puerta
"Sierra Bella 2888, Centro Civico ",1,"-33.48343350554963, -70.63156566048212",BUS DE LA JUSTICIA,Social y Comunitario ,Ejecutado,Pendiente de creación ,,,Bus de la justicia
Carlos Valdovinos 287 (Frente a piscina municipal),1,"-33.48366036901886, -70.63020289177518",OPERATIVO CON D.O.S,Social y Comunitario ,Ejecutado,Pendiente de creación ,,,Operativos con D.O.S
plaza las flores (Mozart con Haydn),1,"-33.481355152459756, -70.62491560728513",VERANO EN TU BARRIO 2024,Social y Comunitario ,Ejecutado,00110 VERANO EN TU BARRIO.png,,,Verano en tu Barrio 2024
"Plaza Casa Blanca (Carlos Silva Vildosola con Casa Blanca, interior plaza)",1,"-33.47705353741287, -70.63569156147703",VERANO EN TU BARRIO 2024,Social y Comunitario ,Ejecutado,00110 VERANO EN TU BARRIO.png,,,Verano en tu Barrio 2024
Población El Carmen (Pintor Cicarelli con Lira),1,"-33.47637758653776, -70.63125282854409",VERANO EN TU BARRIO 2024,Social y Comunitario ,Ejecutado,00110 VERANO EN TU BARRIO.png,,,Verano en tu Barrio 2024
Población Chile (Palestrina con Verdi),1,"-33.477770959885795, -70.62545280497542",VERANO EN TU BARRIO 2024,Social y Comunitario ,Ejecutado,00110 VERANO EN TU BARRIO.png,,,Verano en tu Barrio 2024
Rivas (Rivas entre Pacifico y Santa Rosa),1,"-33.480245917603305, -70.63726760098508",VERANO EN TU BARRIO 2024,Social y Comunitario ,Ejecutado,00110 VERANO EN TU BARRIO.png,,,Verano en tu Barrio 2024
san francisco de california (Cancha Isabel Riquelme),1,"-33.477713511166854, -70.63850889449772",VERANO EN TU BARRIO 2024,Social y Comunitario ,Ejecutado,00110 VERANO EN TU BARRIO.png,,,Verano en tu Barrio 2024
"Plaza Casa Blanca (Carlos Silva Vildosola con Casa Blanca, interior plaza)",1,"-33.47705353741287, -70.63569156147703",VERANO EN TU BARRIO 2025,Social y Comunitario ,Ejecutado,00110 VERANO EN TU BARRIO.png,,,Verano en tu Barrio 2025
"Plaza Valdivieso, Ignacio Valdivieso #2406",1,"-33.474798386204895, -70.62621543709955",VERANO EN TU BARRIO 2025,Social y Comunitario ,Ejecutado,00110 VERANO EN TU BARRIO.png,,,Verano en tu Barrio 2025
Celia Solar 95 (Edificio Celia Solar]),1,"-33.47198522003563, -70.62513823310898",MITIGACIONES PROYECTOS INMOBILIARIOS ,Desarrollo Urbano,En Ejecucion,0015 PROYECTO INMOBILIARIO.png,,,"Pasos peatonales, aceras, estacionamientos, y areas verdes celia solar. diseño ciclovia Santa Elena, entre rodrigo de araya y Vicuña Mackenna."
Rivas 565 (Edificio rivas),1,"-33.47972761865913, -70.63814398978221",MITIGACIONES PROYECTOS INMOBILIARIOS ,Desarrollo Urbano,En Ejecucion,0015 PROYECTO INMOBILIARIO.png,,,"Veredas, platabanda y iluminación "
Carlos Valdovinos 201 (Edifios Carlos Valdovinos),1,"-33.484939153186524, -70.62716510566027",MITIGACIONES PROYECTOS INMOBILIARIOS ,Desarrollo Urbano,En Ejecucion,0015 PROYECTO INMOBILIARIO.png,,,"Iluminacion peatonal, veredas, vallas peatonales, pasos peatonales"
Plan de Mantenimiento de puntos de parada de buses,,,,,,,,,
Pintor Cicarelli con Santa Rosa,1,"-33.47711781784615, -70.64164210111375",PROYECTO IMPACTO NIVEL COMUNAL,Desarrollo Urbano,En Ejecucion,00113 PLANES MAESTROS Y DESARROLLO URBANO.png,,,Plan de mantenimiento de puntos de paradas de buses (en ejecucion 2024)
Santa Rosa con Isabel Riquelme,1,"-33.47790508381864, -70.64168182670076",PROYECTO IMPACTO NIVEL COMUNAL,Desarrollo Urbano,En Ejecucion,00113 PLANES MAESTROS Y DESARROLLO URBANO.png,,,Plan de mantenimiento de puntos de paradas de buses (en ejecucion 2024)
Santa Rosa cercano a Esquilo,1,"-33.48020224362843, -70.64166888496058",PROYECTO IMPACTO NIVEL COMUNAL,Desarrollo Urbano,En Ejecucion,00113 PLANES MAESTROS Y DESARROLLO URBANO.png,,,Plan de mantenimiento de puntos de paradas de buses (en ejecucion 2024)
Santa Rosa cercano a Carlos Valdovinos ,1,"-33.48059882212463, -70.64181210130525",PROYECTO IMPACTO NIVEL COMUNAL,Desarrollo Urbano,En Ejecucion,00113 PLANES MAESTROS Y DESARROLLO URBANO.png,,,Plan de mantenimiento de puntos de paradas de buses (en ejecucion 2024)
Construccion Linea 9 de Metro,1,"-33.47680295009717, -70.64230301671029",PROYECTO IMPACTO NIVEL COMUNAL,Desarrollo Urbano,Financiamiento aprobado,0027 PROYECTO POR EJECUTARSE.png,,,Construcción de Metro Linea 9
Plan Maestro entorno a estaciones Línea 5 Metro ,1,Multiforma (comprende Santa Rosa desde Av. Carlos valdovinos hasta la altura de Santa Maria ,PROYECTO IMPACTO NIVEL COMUNAL,Desarrollo Urbano,En postulación,0027 PROYECTO POR EJECUTARSE.png,,,Plan Maestro entorno estaciones linea 5 de metro
Rivas 531 (DS 49),1,"-33.48009237337779, -70.63522174909697",PROYECTOS VIVIENDA ,Desarrollo Urbano,En proceso de Permiso de Edificación ,0015 PROYECTO INMOBILIARIO.png,,,Se contruiran 277 viviendas
Schubert 170 (Vivienda Social Arriendo a Precio justo),1,"-33.48259388014672, -70.62326118808265",PROYECTOS VIVIENDA ,Desarrollo Urbano,En proceso de Permiso de Edificación ,0015 PROYECTO INMOBILIARIO.png,,,231 Vivienda social a precio justo 
"Lira 1, Pintor Cicarelli 291 (DS49)",1,"-33.47597244793278, -70.62996232234833",PROYECTOS VIVIENDA ,Desarrollo Urbano,En proceso de Permiso de Edificación ,0015 PROYECTO INMOBILIARIO.png,,,263 Viviendas (DS49)
"Lira 2, Pintor Cicarelli 287 (DS49)",1,"-33.47581116402495, -70.62978369014965",PROYECTOS VIVIENDA ,Desarrollo Urbano,En proceso de Permiso de Edificación ,0015 PROYECTO INMOBILIARIO.png,,,263 Viviendas (DS49)
